<?xml version="1.0" encoding="UTF-8"?>
<project-private xmlns="http://www.netbeans.org/ns/project-private/1">
    <editor-bookmarks xmlns="http://www.netbeans.org/ns/editor-bookmarks/2" lastBookmarkId="0"/>
    <open-files xmlns="http://www.netbeans.org/ns/projectui-open-files/2">
        <group>
            <file>file:/C:/xampp/htdocs/CloudProject/queries.php</file>
            <file>file:/C:/xampp/htdocs/CloudProject/main.css</file>
            <file>file:/C:/xampp/htdocs/CloudProject/queries2.php</file>
            <file>file:/C:/xampp/htdocs/CloudProject/index.php</file>
            <file>file:/C:/xampp/htdocs/CloudProject/test.html</file>
            <file>file:/C:/xampp/htdocs/CloudProject/header.php</file>
            <file>file:/C:/xampp/htdocs/CloudProject/DBConnection.php</file>
        </group>
    </open-files>
</project-private>
